Abel,45
Abner,71
Abraão,58
Acsa,948
Ademir,23
Adrian,1026
Adriano,452
Adriel,253
Adão,25
Adílson,45
Afonso,29
Aiko,23
Aires,122
Akira,68
Alair,26
Alam,32
Alan,701
Albert,24
Alberto,67
Alejandro,30
Alessandro,451
Alex,628
Alexander,50
Alexandre,558
Ali,26
Allan,101
Almir,20
Anderson,538
Andrew,45
Andreza,11343
André,1036
Anthony,45
Antônio,1164
Aquiles,33
Ariel,951
Armando,26
Arnaldo,25
Arthur,769
Artur,733
Assunção,23
Astrid,48
Astride,28
Ataíde,20
Augusto,184
Ayala,156
Aílton,40
Benedito,28
Bernardo,226
Biara,56
Breno,610
Brian,94
Bruno,1718
Bryan,97
Caio,1175
Caleb,22
Camilo,36
Carlo,35
Carlos,2244
Cassiano,75
Cauan,600
Cauã,1062
Cauê,200
Caíque,405
Celso,32
Cezar,21
Chelsea,38
Chris,42
Christian,49
Cláudio,162
Cléber,82
Cristiano,204
Cássio,91
Célio,20
César,100
Cícero,102
Dagmar,62
Daniel,1934
Danilo,452
Darci,47
Davi,1315
David,598
Denilson,119
Denis,118
Dení,25
Diego,703
Diogo,407
Domingos,26
Dominic,124
Douglas,478
Duane,311
Dóris,169
Edgar,33
Edilson,60
Edmar,22
Edson,200
Eduardo,2143
Edvaldo,21
Elder,26
Eleonor,25
Eli,761
Elias,362
Elise,438
Eliseu,33
Eliézer,40
Elton,47
Elvis,23
Elói,76
Emanuel,431
Emerson,253
Endi,88
Enrico,32
Enrique,70
Enzo,472
Eric,451
Erick,465
Erik,363
Esdras,77
Estevão,49
Evandro,68
Everton,299
Ezequias,30
Ezequiel,171
Fabian,122
Fabiano,190
Fabrício,455
Felipe,2516
Fernando,985
Filipe,261
Flávio,306
Francisco,1156
Frank,23
Franklin,27
Frederico,30
Fábio,425
Félix,20
Gabriel,6659
Geovane,854
Geraldo,30
Geórge,46
Gilberto,45
Gilmar,46
Giovanni,94
Guilherme,2503
Gustavo,2575
Gérson,37
Gílson,32
Hector,20
Heitor,181
Heli,71
Henri,38
Henrique,727
Henry,49
Hugo,239
Humberto,25
Hélio,48
Iago,423
Ian,285
Igor,903
Inácio,29
Iramaia,53
Isaac,152
Isaque,231
Isaías,154
Ismael,158
Israel,220
Itamar,36
Ivan,116
Ivã,155
Jackson,96
Jael,78
Jaime,101
Jair,41
Jaire,26
Jairo,47
James,38
Jamil,28
Jaque,31
Jardel,50
Jarede,22
Jean,442
Jefferson,65
Jeová,87
Jeremias,36
Jessé,106
Jesus,102
Joabe,35
Joaquim,88
Joel,101
Joelle,35
John,25
Jona,26
Jonas,290
Jonathan,155
Jorge,222
Josafá,42
Josias,46
Josué,161
José,2984
João,6380
Juan,318
Juliano,215
Juraci,54
Jáder,92
Jó,29
Jônatas,186
Júlio,628
Júnio,22
Júnior,201
Kaio,215
Kaique,354
Kaluanã,47
Kana,25
Kauan,843
Kauã,798
Kauê,278
Keane,54
Keith,213
Kelvin,231
Kennedy,48
Kerry,76
Kevin,402
Kimberley,44
Kléber,36
Lair,47
Larry,22
Lauren,3070
Lauro,35
Leandro,544
Leo,42
Leocádia,24
Leonardo,1261
Levi,165
Lorenzo,72
Louis,30
Luan,1263
Luca,94
Lucas,5334
Lucca,74
Luciano,390
Luigi,40
Luiz,1752
Luís,1727
Lázaro,61
Lóris,31
Lúcio,36
Mabel,174
Maciel,37
Magno,32
Mahara,175
Maia,756
Maicon,319
Malu,1062
Manoel,153
Manon,20
Manu,50
Manuel,127
Marceline,59
Marcelo,605
