Marchand,M
Marchiori,M
Marcial,M
Marcionilo,M
Marco,M
Marcolino,M
Marcondes,M
Marcos,M
Marcus,M
Marcílio,M
Marigold,M
Marinho,M
Marino,M
Marins,M
Mario,M
Marion,M
Marivaldo,M
Marlon,M
Marly,M
Marni,M
Maron,M
Marshal,M
Marsílio,M
Marte,M
Martim,M
Martiniano,M
Martino,M
Martins,M
Marvin,M
Marçal,M
Matatias,M
Mater,M
Mateus,M
Matheus,M
Mathias,M
Matias,M
Matteo,M
Maturino,M
Matusalém,M
Matuzalém,M
Mauarí,M
Mauliola,M
Maurice,M
Mauricí,M
Maurizio,M
Mauro,M
Maurício,M
Maurílio,M
Mauá,M
Max,M
Maximiliano,M
Maximiniana,M
Maxine,M
Maxwel,M
Maya,M
Mayim,M
Mazagoua,M
Mazagão,M
Mazzaroti,M
Meakiai,M
Mebahel,M
Mecenas,M
Medardo,M
Meehiel,M
Megaron,M
Meir,M
Melahel,M
Melaneu,M
Melchior,M
Meliteu,M
Melito,M
Melo,M
Melquias,M
Melquior,M
Melquisedeque,M
Melquíades,M
Melvino,M
Menahem,M
Menandro,M
Mendel,M
Mendelson,M
Mendes,M
Meneceu,M
Menelau,M
Meneléu,M
Menescal,M
Menipo,M
Menon,M
Menotti,M
Mentor,M
Merle,M
Messias,M
Micael,M
Micajah,M
Michael,M
Michel,M
Michelangelo,M
Midas,M
Miguel,M
Mikhail,M
Milan,M
Milano,M
Milcíades,M
Militino,M
Militão,M
Milton,M
Minerva,M
Miquéias,M
Mirno,M
Mirthes,M
Mirtis,M
Mirtos,M
Misael,M
Mitsrael,M
Mitzi,M
Mitzrael,M
Miyako,M
Mizael,M
Moacir,M
Moamede,M
Moara,M
Modestino,M
Modesto,M
Mohammad,M
Mohammed,M
Moi,M
Moisés,M
Moke,M
Mollie,M
Molly,M
Monoke,M
Montgomery,M
Mor,M
Moraes,M
Morais,M
Morales,M
Moreira,M
Morel,M
Morfeu,M
Morgan,M
Moritz,M
Morpheu,M
Morrice,M
Morris,M
Moses,M
Mota,M
Motta,M
Mourão,M
Mozar,M
Mozart,M
Muciano,M
Munhoz,M
Munir,M
Muniz,M
Muriel,M
Murillo,M
Murilo,M
Mustafá,M
Máder,M
Máicol,M
Márcio,M
Mâncio,M
Mérlin,M
Mérope,M
Métis,M
Mêncio,M
Mênfis,M
Mênphis,M
Múcio,M
Naahman,M
Naam,M
Naamã,M
Naara,M
Nabal,M
Nabi,M
Nabih,M
Nabor,M
Nabucodonosor,M
Nadabe,M
Nadal,M
Nagibe,M
Nahan,M
Nahim,M
Nahum,M
Naim,M
Naindí,M
Naldo,M
Nanael,M
Naor,M
Napoleão,M
Narceu,M
Narciso,M
Narcísio,M
Nardini,M
Nardo,M
Nascimento,M
Natal,M
Natalino,M
Natalício,M
Natan,M
Natanael,M
Nataniel,M
Nathan,M
Natividade,M
Natã,M
Naum,M
Navito,M
Nazareh,M
Nazareno,M
Nazariel,M
Nazaré,M
Neal,M
Neandro,M
Neemias,M
Neftali,M
Nei,M
Neil,M
Neilson,M
Neimar,M
Neleu,M
Neli,M
Nelson,M
Nemestrino,M
Nemias,M
Nemo,M
Neomedes,M
Neon,M
Nereide,M
Nereu,M
Nero,M
Nery,M
Nestor,M
Neville,M
Newton,M
Ney,M
Neymar,M
Neófito,M
Nicandro,M
Nicanor,M
Nicholas,M
Nichole,M
Nick,M
Nico,M
Nicodemus,M
Nicol,M
Nicola,M
Nicolau,M
Nicolette,M
Nicolino,M
Nicomedes,M
Nicácio,M
Nicéforo,M
Niels,M
Nigel,M
Nikolai,M
Nikolas,M
Nil,M
Nildo,M
Nilo,M
Nilson,M
Nilton,M
Nimbus,M
Ninive,M
Nino,M
Nivaldo,M
Noah,M
Noel,M
Noela,M
Nohouka,M
Nolan,M
Nolana,M
Nolepeleko,M
Norberto,M
Noreen,M
Norris,M
Norton,M
Nowak,M
Noé,M
Noêmio,M
Nuno,M
Nupeba,M
Nydia,M
Náder,M
Násser,M
Nélio,M
Névio,M
Nícolas,M
Nídia,M
Nílsen,M
Núncio,M
Obajara,M
Obdias,M
Obede,M
Oberico,M
Oberon,M
Oberto,M
Obeíma,M
Obiru,M
Obitã,M
Obádia,M
Odair,M
Odaléia,M
Odara,M
Odemar,M
Odemiro,M
Odenato,M
Oderico,M
Odilardo,M
Odilon,M
Odin,M
Odir,M
Odisseu,M
Odo,M
Odon,M
Odorico,M
Odulfo,M
Oduvaldo,M
Oduíno,M
Odélio,M
Odérico,M
Odílio,M
Ofir,M
Ogden,M
Oholupalupa,M
Oivário,M
Ojibe,M
Oka,M
Oko,M
Oksana,M
Olavo,M
Oliveira,M
Olímpio,M
Olívio,M
Omar,M
Omã,M
Oméro,M
Ondina,M
Ondrej,M
Onesíforo,M
Onias,M
Onofre,M
Onã,M
Onélio,M
Onésimo,M
Onésio,M
Opira,M
Oquena,M
Oquira,M
Ordália,M
Orebe,M
Oren,M
Orestes,M
Orfeu,M
Oriba,M
Origenes,M
Oris,M
Orlando,M
Ormeno,M
Ormeo,M
Orpheu,M
Orson,M
Ortigão,M
Orítia,M
Osborn,M
Oscar,M
Osias,M
Osman,M
Osmar,M
Osni,M
Osvaldo,M
Osvino,M
Oswald,M
Oséias,M
Osírio,M
Osíris,M
Osório,M
Otacílio,M
Otelo,M
Oto,M
Oton,M
Otoniel,M
Otto,M
Otávio,M
Otílio,M
Ovid,M
Ovídio,M
Owen,M
Ozanan,M
Ozias,M
Oziel,M
Ozzy,M
Pablo,M
Pacaembú,M
Pace,M
Pacheco,M
Paco,M
Pacífico,M
Padilha,M
Padovani,M
Paganini,M
Page,M
Paim,M
Paiva,M
Pakile,M
Paladino,M
Palaka,M
Palakiko,M
Palamedes,M
Palas,M
Palatino,M
Palemon,M
Pali,M
Palmiro,M
Palona,M
Paládio,M
Pancho,M
Pancrácio,M
Pandareu,M
Pandolfo,M
Pandoro,M
Pantaleão,M
Pantoja,M
Paolo,M
Paquerer,M
Paquetá,M
Paracambi,M
Paraguaçu,M
Paranaguá,M
Paranhos,M
Paraopeba,M
Parati,M
Paraty,M
Parigot,M
Parmênio,M
Parsifal,M
Partênope,M
Parísio,M
Pascal,M
Pascoal,M
Pascácio,M
Pasini,M
Patrick,M
Patrocles,M
Patrício,M
Patsy,M
Paul,M
Paulino,M
Paulo,M
Pavel,M
Pavlo,M
Pavlov,M
Pedrinho,M
Pedrito,M
Pedro,M
Pedroso,M
Peixoto,M
Peke,M
Pelasco,M
Pelegrino,M
Pelágio,M
Pelópidas,M
Penafort,M
Penalvo,M
Penha,M
Penrod,M
Perato,M
Perci,M
Percival,M
Percy,M
Peregrino,M
Peres,M
Peresia,M
Perez,M
Peri,M
Periclésia,M
Perilo,M
Perito,M
Permínio,M
Pero,M
Perpétuo,M
Perseu,M
Perseveranda,M
Perácio,M
Perón,M
Peter,M
Petrarca,M
Petronilo,M
Petronílho,M
Petroski,M
Petrônio,M
Phelan,M
Phoebe,M
Piancó,M
Piaso,M
Piatã,M
Piedade,M
Piercarlo,M
Pierce,M
Pierluigi,M
Pierre,M
Pieter,M
Pietro,M
Pilatos,M
Pindara,M
Pio,M
Piovesan,M
Piraju,M
Pirajá,M
Pirene,M
Pires,M
Pisandro,M
Pitangui,M
Pitágoras,M
Placídio,M
Platâo,M
Plauto,M
Plutarco,M
Plutão,M
Plácido,M
Plínio,M
Policarpo,M
Policleto,M
Polidoro,M
Polifemo,M
Polifeno,M
Políbio,M
Polônio,M
Pompeu,M
Pompílio,M
Porfírio,M
Porã,M
Posseidon,M
Potengi,M
Potengy,M
Poti,M
Praxedes,M
Presley,M
Pádua,M
Pálmer,M
Páris,M
Pânfilo,M
Pérgamo,M
Péricles,M
Pérside,M
Pênia,M
Pítane,M
Pítia,M
Pôncio,M
Queirós,M
Quelidônio,M
Quental,M
Quentel,M
Quentin,M
Quevedo,M
Quezia,M
Quincas,M
Quinn,M
Quintana,M
Quintanilha,M
Quintiliano,M
Quintilo,M
Quintino,M
Quintus,M
Quirino,M
Quiromeu,M
Quixote,M
Quodvultdeus,M
Quon,M
Quotar,M
Quércia,M
Raban,M
Rabelo,M
Rachid,M
Radagásio,M
Radamanto,M
Radamés,M
Radomil,M
Radulfo,M
Rae,M
Raed,M
Rafael,M
Rafi,M
Rafiq,M
Raghu,M
Raguel,M
Raiane,M
Raiden,M
Raimondo,M
Raimundo,M
Rain,M
Raj,M
Raja,M
Ralph,M
Ramiro,M
Ramon,M
Ramos,M
Ramsey,M
Ramsés,M
Ramão,M
Ranald,M
Randall,M
Randolfo,M
Randy,M
Ranieri,M
Ranildo,M
Ranulfo,M
Raoni,M
Raoul,M
Raphael,M
Rasmussen,M
Raul,M
Raulino,M
Raven,M
Ravi,M
Raymond,M
Raynard,M
Reagan,M
Realengo,M
Rebelo,M
Reed,M
Reginaldo,M
Reid,M
Reinaldo,M
Reinoldo,M
Relinde,M
Rembrandt,M
Remi,M
Remiel,M
Remo,M
Remy,M
Remédios,M
Remígio,M
Ren,M
Renan,M
Renato,M
Renner,M
René,M
Retama,M
Reuben,M
Rex,M
Reynold,M
Rezon,M
Rhett,M
Rhodes,M
Rhonda,M
Rian,M
Ribamar,M
Ribas,M
Riberto,M
Ricardino,M
Ricardo,M
Richard,M
Rick,M
Rico,M
Rider,M
Rigoberto,M
Rigoleto,M
Rigotto,M
Riki,M
Rildo,M
Riley,M
Rinaldo,M
Rishon,M
Riva,M
Roald,M
Roaldo,M
Rob,M
Robert,M
Roberto,M
Roberval,M
Robin,M
Robine,M
Roboão,M
Robson,M
Rockne,M
Rode,M
Rodel,M
Roderick,M
Rodger,M
Rodnei,M
Rodney,M
Rodolfo,M
Rodovaldo,M
Rodrigo,M
Rodusino,M
Rodérico,M
Roedel,M
Rogaciano,M
Rogato,M
Roger,M
Rogério,M
Rolando,M
Roldão,M
Rolf,M
Roman,M
Romano,M
Romeiro,M
Romeo,M
Romero,M
Romeu,M
Romildo,M
Romualdo,M
Romário,M
Romão,M
Ron,M
Ronald,M
Ronaldo,M
Ronan,M
Ronei,M
Roney,M
Ronildo,M
Ronny,M
Roque,M
Roquete,M
Roriz,M
Rosalvo,M
Rosamundo,M
Rosendo,M
Ross,M
Rossi,M
Rossini,M
Rosvaldo,M
Rosário,M
Roth,M
Rothes,M
Rovena,M
Rowan,M
Roxane,M
Roy,M
Rozamondo,M
Ruan,M
Rubem,M
Ruben,M
Rubens,M
Rudolfo,M
Rudá,M
Rufino,M
Rufo,M
Rufus,M
Rui,M
Ruperto,M
Rurik,M
Russell,M
Rutger,M
Rutílio,M
Ryan,M
Ryotaro,M
Rá,M
Régis,M
Régulo,M
Rêmulo,M
Róbby,M
Róbinson,M
Rômulo,M
Saadi,M
Saavedra,M
Sabará,M
Sabatino,M
Sabiano,M
Sabiniano,M
Sabino,M
Sabázio,M
Sachafer,M
Sadala,M
Sadi,M
Sadoque,M
Said,M
Saião,M
Saladino,M
Salatiel,M
Sales,M
Salgado,M
Saliba,M
Salim,M
Salmoneu,M
Salomão,M
Salomé,M
Salomón,M
Salustiano,M
Salvador,M
Salvalus,M
Salvatore,M
Salviano,M
Salústio,M
Sam,M
Samir,M
Sampaio,M
Sampson,M
Samson,M
Samuel,M
Sandoval,M
Sandro,M
Sansone,M
Sansão,M
Santiago,M
Santoro,M
Santos,M
Sarosh,M
Sartori,M
Satoru,M
Saturnino,M
Saturno,M
Saul,M
Saulo,M
Savedro,M
Savino,M
Savério,M
Scalco,M
Scherer,M
Schimidt,M
Schneider,M
Schubert,M
Schumacher,M
Scott,M
Seamus,M
Sean,M
Sebastian,M
Sebastião,M
Sedécias,M
Segismondo,M
Segismundo,M
Seiji,M
Seixas,M
Seleno,M
Selmiro,M
Sepetiba,M
Serafim,M
Serafino,M
Serge,M
Serguei,M
Serrão,M
Sertório,M
Set,M
Seth,M
Severiano,M
Severino,M
Severo,M
Sezefredo,M
Shai,M
Shakti,M
Shandar,M
Sheridan,M
Sherlock,M
Sheth,M
Shin,M
Shinichi,M
Shuichi,M
Sidney,M
Sidônio,M
Sigeberto,M
Sigefredo,M
Sigelinde,M
Sigismundo,M
Sigmar,M
Silas,M
Sileno,M
Silva,M
Silvano,M
Silvester,M
Silvestre,M
Silvino,M
Silvério,M
Simas,M
Simeon,M
Simeão,M
Simon,M
Simonette,M
Simonie,M
Simpliciano,M
Simplício,M
Simão,M
Simôes,M
Sinclair,M
Sinead,M
Sinfrônio,M
Singer,M
Sinval,M
Sinésio,M
Skipp,M
Sloan,M
Sofonias,M
Sofrônio,M
Solano,M
Soleon,M
Solimão,M
Solomon,M
Solomão,M
Solveig,M
Sotero,M
Spencer,M
Stanislau,M
Stanley,M
Stewart,M
Suleiman,M
Susumo,M
Sven,M
Sylvie,M
Sáber,M
Sálvio,M
Sátiro,M
Sérgio,M
Sérvio,M
Sérvulo,M
Sétimo,M
Sêmaco,M
Sêneca,M
Sídnei,M
Sílvio,M
Símaco,M
Sínoe,M
Síntique,M
Sócrates,M
Sófocles,M
Sólon,M
Sóstenes,M
Tabajara,M
Tabor,M
Taciano,M
Taciguara,M
Tadeu,M
Tagar,M
Taiguara,M
Takafumi,M
Takashi,M
Takeshi,M
Talarico,M
Talbot,M
Tales,M
Tamandaré,M
Tamar,M
Tamuz,M
Tancredo,M
Tanja,M
Tansy,M
Tapira,M
Tapiraça,M
Taquaracê,M
Taras,M
Tarcão,M
Tarcísio,M
Tarquécio,M
Tarsílio,M
Tasso,M
Tatius,M
Tatsuo,M
Taufik,M
Taylor,M
Taú,M
Tebas,M
Tecla,M
Tecoara,M
Tecobiara,M
Ted,M
Teddy,M
Telêmaco,M
Temão,M
Tenório,M
Teobaldo,M
Teodomiro,M
Teodorico,M
Teodoro,M
Teodósio,M
Teotônio,M
Tercero,M
Terence,M
Tersandro,M
Tersio,M
Tertuliano,M
Terêncio,M
Terênsis,M
Teseu,M
Teçaberaba,M
Teçá,M
Teócrito,M
Teófilo,M
Teógenes,M
Theodore,M
Theodoro,M
Thiago,M
Thierry,M
Thomas,M
Thor,M
Tiago,M
Tibiriça,M
Tibério,M
Tibúrcio,M
Ticiano,M
Tilde,M
Tim,M
Timeu,M
Timeus,M
Timoteus,M
Timóteo,M
Tino,M
Tinoco,M
Tirso,M
Tissot,M
Tito,M
Toante,M
Tobias,M
Toby,M
Toledo,M
Tolmai,M
Tom,M
Tomaso,M
Tomer,M
Tommy,M
Tomás,M
Tomásio,M
Tomé,M
Tonho,M
Toni,M
Tony,M
Toriba,M
Torquato,M
Torrance,M
Tosin,M
Tovar,M
Trajano,M
Trevor,M
Trinidad,M
Tristão,M
Tufi,M
Tupã,M
Turin,M
Tácio,M
Tácito,M
Tânuz,M
Téo,M
Tércio,M
Têmis,M
Túlio,M
Uahoomanaokahaku,M
Ualri,M
Ubajara,M
Ubaldo,M
Ubandara,M
Ubatã,M
Ubaúna,M
Uberaba,M
Ubirajara,M
Ubirani,M
Ubiratã,M
Ubá,M
Uchoa,M
Udalrico,M
Ufente,M
Ugo,M
Uirandi,M
Ula,M
Ulando,M
Ulf,M
Ulpiano,M
Ulric,M
Ulva,M
Ulysses,M
Ulísses,M
Umar,M
Umbelino,M
Umberto,M
Ume,M
Undine,M
Upiara,M
Upira,M
Upton,M
Urbano,M
Urbanus,M
Urias,M
Ursel,M
Urtigão,M
Ururaí,M
Urânia,M
Uzi,M
Uólace,M
Vadenberg,M
Vadim,M
Vagner,M
Valdec,M
Valdemar,M
Valdemiro,M
Valdir,M
Valdivino,M
Valdo,M
Valdomiro,M
Valdívio,M
Valentim,M
Valentin,M
Valentino,M
Valeriana,M
Valeriano,M
Valerie,M
Valfredo,M
Valmir,M
Valteno,M
Valter,M
Valério,M
Valêncio,M
Vanderlei,M
Vandique,M
Vehuiah,M
Venceslau,M
Venerando,M
Ventura,M
Venturada,M
Venâncio,M
Vergueiro,M
Veriano,M
Vero,M
Veríssimo,M
Vespasiano,M
Vesta,M
Viatã,M
Vicente,M
Vicenzo,M
Vicki,M
Victor,M
Victorine,M
Victorius,M
Vigílio,M
Vilalobos,M
Vilar,M
Vilarinho,M
Vilasboas,M
Vince,M
Vincent,M
Vinício,M
Vinícios,M
Vinícius,M
Violante,M
Violet,M
Virgil,M
Virgulino,M
Virgílio,M
Vital,M
Vitaliano,M
Vitoldo,M
Vittore,M
Vitório,M
Vladimir,M
Vladislau,M
Vladislav,M
Volimar,M
Volker,M
Volúpia,M
Vonda,M
Vougan,M
Vítor,M
Waclaw,M
Wady,M
Wagner,M
Waldir,M
Waldo,M
Waldrich,M
Walger,M
Wallace,M
Wallis,M
Walter,M
Walton,M
Waltrode,M
Wanderley,M
Wanderson,M
Wapasha,M
Ward,M
Warren,M
Washington,M
Wellerson,M
Wellington,M
Wendel,M
Wendler,M
Werner,M
Wesley,M
Weston,M
Wikoli,M
Wilfred,M
Wilian,M
William,M
Willian,M
Wilmar,M
Wilson,M
Wiltom,M
Wilton,M
Windsor,M
Winike,M
Winikeneke,M
Winston,M
Wolf,M
Wolfgang,M
Wolfran,M
Wunibald,M
Xadai,M
Xafic,M
Xafik,M
Xamã,M
Xande,M
Xandy,M
Xanthe,M
Xanthus,M
Xantipa,M
Xantipo,M
Xanto,M
Xarif,M
Xavier,M
Xenofonte,M
Xenofontes,M
Xenos,M
Xenócrates,M
Xereu,M
Xerxes,M
Xilon,M
Ximen,M
Ximenes,M
Xinavane,M
Xisto,M
Xoloni,M
Yacamin,M
Yachi,M
Yachne,M
Yago,M
Yahto,M
Yahya,M
Yair,M
Yakecan,M
Yale,M
Yan,M
Yancy,M
Yani,M
Yank,M
Yardley,M
Yasuhiko,M
Yates,M
Yehudi,M
Yente,M
Yentil,M
Yeray,M
Yerik,M
Yervant,M
Ygor,M
Yin,M
Yoshiaki,M
Youseef,M
Yule,M
Yure,M
Yuri,M
Yurio,M
Yves,M
Yvette,M
Yvon,M
Zabulão,M
Zacarias,M
Zaccheus,M
Zachary,M
Zaci,M
Zadeão,M
Zadoque,M
Zafriel,M
Zahi,M
Zahrah,M
Zaire,M
Zaki,M
Zalman,M
Zaltana,M
Zancheta,M
Zanchi,M
Zandoná,M
Zane,M
Zanetti,M
Zaniel,M
Zanini,M
Zaqueu,M
Zarco,M
Zared,M
Zareh,M
Zarek,M
Zariel,M
Zarão,M
Zattera,M
Zazu,M
Zebadiah,M
Zebilon,M
Zeca,M
Zed,M
Zedekiah,M
Zeferino,M
Zeki,M
Zelotes,M
Zenas,M
Zenir,M
Zenite,M
Zeno,M
Zenon,M
Zenóbio,M
Zephan,M
Zerbini,M
Zeto,M
Zeus,M
Zev,M
Zilma,M
Zola,M
Zoroastro,M
Zuriel,M
Zélio,M
Zózimo,M
Ácio,M
Ácmon,M
Ágron,M
Álcis,M
Álvaro,M
Ápio,M
Áquilas,M
Árcade,M
Ário,M
Átalo,M
Átila,M
Átis,M
Áureo,M
Ávila,M
Ângelo,M
Ébalo,M
Ébano,M
Éder,M
Éderson,M
Édipo,M
Éfeso,M
Égido,M
Égon,M
Élson,M
Élvio,M
Ésio,M
Éson,M
Étel,M
Éton,M
Ézio,M
Íamo,M
Ícaro,M
Ítaco,M
Ítalo,M
Óbulo,M
Únxia,M
Aagje,F
Aaliyah,F
Aaminah,F
Abana,F
Abati,F
Abayomi,F
Abdera,F
Abe,F
Abella,F
Abeona,F
Abigail,F
Abnara,F
Abra,F
Abá,F
Aca,F
Acalântis,F
Acemira,F
Aceí,F
Achila,F
Acidália,F
Acilda,F
Acilina,F
Acindina,F
Acira,F
Acirema,F
Aclima,F
Actéia,F
Acácia,F
Acília,F
Ada,F
Adail,F
Adalbéria,F
Adalfreda,F
Adalfrida,F
Adalgisa,F
Adalina,F
Adalvina,F
Adalzira,F
Adamantina,F
Adameire,F
Adamina,F
Addae,F
Addolorata,F
Adela,F
Adelaide,F
Adele,F
Adelfa,F
Adelina,F
Adeline,F
Adelita,F
Adelmarina,F
Adeona,F
Adilah,F
Adina,F
Adira,F
Adisa,F
Adolfina,F
Adonaide,F
Adora,F
Adorabela,F
Adoriabelle,F
Adorinda,F
Adosinda,F
Adozina,F
Adrastea,F
Adrastéia,F
Adriana,F
Adriane,F
Adriele,F
Adrienne,F
Adália,F
Adélia,F
Adília,F
Adônica,F
Aedona,F
Aegla,F
Aeron,F
Aeropa,F
Afife,F
Afonsina,F
Afra,F
Afrodite,F
Agar,F
Agathé,F
Agave,F
Agenora,F
Aghata,F
Aglaê,F
Agláia,F
Agnata,F
Agnes,F
Agnese,F
Agnodice,F
Agostina,F
Agripa,F
Aguilara,F
Ahsley,F
Aidê,F
Aileen,F
Ailika,F
Ailina,F
Aima,F
Aimara,F
Aimée,F
Aimê,F
Aineki,F
Airetama,F
Aisha,F
Aisó,F
Aixa,F
Aiyra,F
Aiça,F
Ajira,F
Ajyra,F
Akele,F
Akemi,F
Akeneki,F
Alaina,F
Alana,F
Alanis,F
Alarice,F
Alawara,F
Alaíde,F
Alba,F
Alberta,F
Albertina,F
Albina,F
Alcaçova,F
Alcina,F
Alcinda,F
Alcione,F
Alcipe,F
Alcmena,F
Alcântara,F
Alcídia,F
Alda,F
Aldara,F
Aldaíra,F
Alden,F
Alderita,F
Alderiva,F
Aldevina,F
Aldevira,F
Aldina,F
Aldora,F
Alegria,F
Aleit,F
Alejandra,F
Aleka,F
Alekena,F
Alekona,F
Aleluia,F
Alena,F
Alene,F
Alenica,F
Alepeka,F
Alesha,F
Alessa,F
Alessandra,F
Alessia,F
Alete,F
Alethea,F
Alethia,F
Alexa,F
Alexandra,F
Alexandrina,F
Alexia,F
Aliaá,F
Alice,F
Alida,F
Alika,F
Alikia,F
Alilat,F
Alina,F
Aline,F
Alison,F
Alita,F
Allegra,F
Allende,F
Alma,F
Almada,F
Almara,F
Almeidna,F
Almerinda,F
Almira,F
Alméria,F
Aloá,F
Altevira,F
Althaia,F
Althea,F
Altiva,F
Altéia,F
Alvarenga,F
Alvina,F
Alvise,F
Alzira,F
Alécia,F
Aléia,F
Alícia,F
Alípia,F
Alíria,F
Amabel,F
Amabília,F
Amada,F
Amalberga,F
Amalina,F
Amaltrudes,F
Amana,F
Amanacy,F
Amanara,F
Amanayara,F
Amanda,F
Amandina,F
Amandy,F
Amapola,F
Amara,F
Amary,F
Ambrogina,F
Ambrose,F
Ambrosina,F
Ambrósia,F
Amena,F
Amery,F
Ameríndia,F
Ametista,F
Amina,F
Aminda,F
Amira,F
Amy,F
Amábile,F
Amália,F
Amálie,F
Amélia,F
América,F
Amícia,F
Amósia,F
Ana,F
Anabel,F
Anabela,F
Anadir,F
Anadiônema,F
Anaide,F
Anais,F
Anajá,F
Analisa,F
Anami,F
Ananda,F
Anastasia,F
Anastácia,F
Anaxarete,F
Andina,F
Andirá,F
Andrea,F
Andreina,F
Andrelina,F
Andresa,F
Andressa,F
Andrija,F
Androcléia,F
Andrámaca,F
Andréa,F
Andréia,F
Andrômeda,F
Aneci,F
Anemone,F
Anes,F
Anete,F
Anfitrite,F
Angel,F
Angelina,F
Angelita,F
Angenora,F
Angerona,F
Angélica,F
Angícia,F
Anhaia,F
Ania,F
Anice,F
Anis,F
Anise,F
Anita,F
Anja,F
Anjuta,F
Ank,F
Anke,F
Anna,F
Anne,F
Annemarie,F
Anneta,F
Anni,F
Annie,F
Anninka,F
Anouk,F
Anselma,F
Anselme,F
Anselmina,F
Antelma,F
Anthea,F
Antianira,F
Anticléia,F
Antje,F
Antoinete,F
Antoinette,F
Antonieta,F
Antoniete,F
Antonina,F
Antonita,F
Antígona,F
Antônia,F
Anunciada,F
Anunciata,F
Anunciação,F
Anália,F
Anárcase,F
Anésia,F
Anêmola,F
Anícia,F
Anísia,F
Anúncia,F
Aparecida,F
Aparícia,F
Aphrodite,F
Apikalia,F
Apolina,F
Apolinária,F
Apolônia,F
Apoédia,F
Aquilina,F
Aquira,F
Arabela,F
Arabi,F
Aracelis,F
Aracema,F
Araci,F
Araciara,F
Aracne,F
Aracunda,F
Aracy,F
Aranha,F
Arani,F
Aretusa,F
Argemira,F
Argentina,F
Argira,F
Ariadne,F
Ariana,F
Ariane,F
Arianna,F
Aricema,F
Aricina,F
Aricléia,F
Ariele,F
Arienne,F
Arieta,F
Arinhã,F
Aristotelina,F
Aristéia,F
Aritana,F
Arlene,F
Arlete,F
Arlina,F
Arlinda,F
Arline,F
Armia,F
Armida,F
Arminda,F
Arriaga,F
Arrieta,F
Arrife,F
Arriola,F
Arsione,F
Artaschasa,F
Artemísia,F
Artémide,F
Artêmia,F
Aruana,F
Aryana,F
Arza,F
Ará,F
Arícia,F
Asher,F
Aspásia,F
Assunta,F
Astra,F
Astéria,F
Atalanta,F
Atalia,F
Ataléia,F
Augusta,F
Auricélia,F
Aurélia,F
Ayla,F
Azucena,F
Açucena,F
Aélia,F
Aída,F
Aônia,F
Babete,F
Baena,F
Baepeba,F
Baeta,F
Balbina,F
Balsamina,F
Bambi,F
Bambina,F
Bambuí,F
Bandeira,F
Baniwa,F
Banábil,F
Barata,F
Baraúna,F
Barbela,F
Barbie,F
Bariri,F
Barry,F
Bartira,F
Basiliana,F
Basilina,F
Basilissa,F
Basina,F
Batilde,F
Batistina,F
Bea,F
Beate,F
Beatrice,F
Beatriz,F
Beau,F
Beaumont,F
Beca,F
Becky,F
Bedelia,F
Belamina,F
Belano,F
Belca,F
Belfort,F
Belinda,F
Belisa,F
Belita,F
Bell,F
Bella,F
Belle,F
Belmira,F
Belá,F
Bendita,F
Benedita,F
Beni,F
Benigna,F
Benilda,F
Benjamine,F
Benoite,F
Benta,F
Benévola,F
Benícia,F
Berdine,F
Berenice,F
Bernadete,F
Bernadette,F
Bernarda,F
Bernardine,F
Bernice,F
Berry,F
Bersabé,F
Berta,F
Bertha,F
Berthe,F
Bertina,F
Beryl,F
Bessie,F
Bete,F
Betel,F
Beth,F
Bethany,F
Betina,F
Betsabé,F
Betsy,F
Bettina,F
Betty,F
Betânia,F
Beverly,F
Beviláqua,F
Bianca,F
Bibiana,F
Birgit,F
Birgitta,F
Bizet,F
Blanche,F
Blanck,F
Blanda,F
Blandina,F
Blandícia,F
Blenda,F
Bocaiúva,F
Bolina,F
Bonifácia,F
Bonina,F
Bonita,F
Bonnie,F
Borja,F
Boyrá,F
Branca,F
Brandi,F
Branka,F
Brasiliana,F
Brenda,F
Brenna,F
Bridget,F
Brigita,F
Brigite,F
Brita,F
Brites,F
Britta,F
Britânia,F
Brumália,F
Bruna,F
Bruneida,F
Brunhilde,F
Brunilda,F
Brunnah,F
Brígida,F
Budant,F
Buriti,F
Burle,F
Bárbara,F
Báucide,F
Béroe,F
Cacilda,F
Cacéres,F
Cadi,F
Cadile,F
Caeté,F
Cafene,F
Cafira,F
Caillet,F
Cairu,F
Caitlin,F
Caitria,F
Cajaty,F
Caledônia,F
Calidora,F
Caliméria,F
Calina,F
Calista,F
Calix,F
Calídice,F
Calíope,F
Camapuã,F
Cambuci,F
Cambuquira,F
Camby,F
Cambyçara,F
Camena,F
Cameron,F
Camila,F
Camille,F
Camocim,F
Campbel,F
Camury,F
Camélia,F
Canará,F
Candal,F
Candy,F
Canet,F
Canirim,F
Capitolina,F
Capotira,F
Caprina,F
Cara,F
Carina,F
Carla,F
Carly,F
Carmela,F
Carmeliana,F
Carmelina,F
Carmelinda,F
Carmelita,F
Carmem,F
Carmen,F
Carmo,F
Carmélia,F
Carol,F
Carola,F
Carolina,F
Caroline,F
Caron,F
Carrie,F
Casira,F
Cass,F
Cassandra,F
Cassarah,F
Cassiana,F
Cassidy,F
Cassilda,F
Castelar,F
Catarina,F
Caterina,F
Catherine,F
Catira,F
Catrina,F
Caturama,F
Cayari,F
Caássica,F
Caçapava,F
Ceci,F
Cecília,F
Celandine,F
Celeste,F
Celimena,F
Celina,F
Celiny,F
Cembira,F
Cendi,F
Cendira,F
Cendyl,F
Ceres,F
Ceressa,F
Cesarina,F
Chad,F
Chandra,F
Chandãli,F
Charissa,F
Charla,F
Charlene,F
Charlote,F
Charna,F
Chase,F
Chede,F
Cherry,F
Chiara,F
Christianna,F
Chrysanta,F
Chun,F
Churi,F
Cibele,F
Cida,F
Cilene,F
Cimeína,F
Cinara,F
Cindra,F
Cinira,F
Cinzia,F
Cipoúna,F
Cipriana,F
Claire,F
Clara,F
Clare,F
Clarence,F
Clarice,F
Clarimunda,F
Clarina,F
Clarinda,F
Clarissa,F
Clarisse,F
Clarita,F
Claudete,F
Claudiana,F
Claudina,F
Claudine,F
Clay,F
Cleanto,F
Cleide,F
Clementine,F
Clemência,F
Cleonice,F
Cleusa,F
Cleópatra,F
Climênia,F
Clorinda,F
Clothilde,F
Clotilde,F
Cloé,F
Cláudia,F
Cléia,F
Clélia,F
Cléo,F
Clície,F
Clínia,F
Clíntia,F
Clítia,F
Coaraci,F
Cobé,F
Coema,F
Colares,F
Colomba,F
Colombina,F
Conceição,F
Concepcion,F
Concórdia,F
Connie,F
Constance,F
Constantina,F
Constância,F
Consuelo,F
Cora,F
Corallina,F
Cordula,F
Cordélia,F
Corin,F
Corina,F
Cornélia,F
Corália,F
Cotiguara,F
Courtney,F
Cremilda,F
Crescenzia,F
Crescência,F
Crespi,F
Creta,F
Creusa,F
Cristal,F
Cristiana,F
Cristina,F
Cristália,F
Cunina,F
Cynthia,F
Cábira,F
Cássia,F
Cátia,F
Cânace,F
Cândia,F
Cândida,F
Cécile,F
Célia,F
Célica,F
Cíntia,F
Cólchida,F
Dafne,F
Dagmara,F
Dagny,F
Daisy,F
Dakarai,F
Dakota,F
Dale,F
Dalila,F
Dalmira,F
Dalva,F
Dalvina,F
Dalziza,F
Damarina,F
Damiana,F
Dana,F
Dandara,F
Daniela,F
Danielle,F
Danika,F
Danila,F
Danita,F
Danuta,F
Daphné,F
Daria,F
Darlene,F
Darã,F
Daslange,F
Davena,F
Davina,F
Dayane,F
Dayse,F
Daíra,F
Debbie,F
Deborah,F
Debra,F
Deise,F
Dejanir,F
Dejanira,F
Delamar,F
Delamare,F
Delamari,F
Delfina,F
Delta,F
Demeter,F
Demétria,F
Demóstenes,F
Dena,F
Denise,F
Deolinda,F
Desdêmona,F
Desidéria,F
Desiré,F
Destiny,F
Deusdetina,F
Deva,F
Deífila,F
Diacira,F
Diacuí,F
Diadema,F
Diana,F
Diane,F
Dicéa,F
Dicéia,F
Digna,F
Dilma,F
Dilza,F
Dina,F
Dinah,F
Dinair,F
Dinartea,F
Dinorá,F
Diná,F
Diolinda,F
Diomara,F
Dione,F
Dionira,F
Diores,F
Dirce,F
Diva,F
Divinalda,F
Djalmira,F
Djamila,F
Djamira,F
Dolores,F
Dominga,F
Dominique,F
Domência,F
Dona,F
Donata,F
Donatella,F
Donatienne,F
Donna,F
Donátila,F
Dora,F
Doralice,F
Dorcas,F
Dores,F
Doreta,F
Dorothea,F
Dorothy,F
Dorotéia,F
Dulce,F
Dulcelina,F
Dulcie,F
Dulcinéia,F
Duncan,F
Dustin,F
Dácia,F
Dália,F
Dávila,F
Dâmaris,F
Déa,F
Débora,F
Déia,F
Désirée,F
Dídima,F
Dórida,F
Ebe,F
Ebira,F
Echo,F
Ecira,F
Ecália,F
Eda,F
Edagmara,F
Edana,F
Edelina,F
Edeline,F
Edelmira,F
Edileusa,F
Edina,F
Edissa,F
Edite,F
Edith,F
Edmara,F
Edna,F
Ednalva,F
Ednaré,F
Ednilda,F
Eduarda,F
Edwiges,F
Edwina,F
Edésia,F
Edênica,F
Efrata,F
Eglantina,F
Egídia,F
Ehwina,F
Eileen,F
Eilen,F
Eirapuã,F
Eirati,F
Eiruba,F
Ekika,F
Elaine,F
Elba,F
Elbia,F
Elcana,F
Elea,F
Electa,F
Electra,F
Elen,F
Elena,F
Eleonora,F
Elga,F
Elia,F
Eliabe,F
Eliade,F
Eliana,F
Eliane,F
Elika,F
Elis,F
Elisa,F
Elisabete,F
Elisabeth,F
Elisha,F
Elissa,F
Elisângela,F
Eliza,F
Elizabete,F
Elizabeth,F
Elke,F
Ellen,F
Elma,F
Elmara,F
Elmira,F
Eloina,F
Eloise,F
Eloá,F
Eloísa,F
Elsa,F
Else,F
Elsie,F
Elva,F
Elvira,F
Elza,F
Elzira,F
Elódia,F
Ema,F
Emaci,F
Emanuela,F
Emeline,F
Emereciana,F
Emereciano,F
Emerenciana,F
Emi,F
Emiliana,F
Emilie,F
Emilly,F
Emily,F
Emitima,F
Emma,F
Emmanuelle,F
Emélia,F
Emérita,F
Emília,F
Ena,F
Endyra,F
Enedina,F
Eneida,F
Enery,F
Engrácia,F
Eni,F
Enid,F
Enide,F
Enoma,F
Entória,F
Eora,F
Epifânia,F
Epona,F
Ercília,F
Ereíma,F
Erla,F
Ermelinda,F
Ermengarda,F
Ermesinda,F
Erondina,F
Erotides,F
Erotildes,F
Ervina,F
Erê,F
Esmeralda,F
Esméria,F
Esperanza,F
Esperança,F
Estefânia,F
Estela,F
Ester,F
Esther,F
Estácia,F
Etama,F
Etna,F
Etzel,F
Eucaris,F
Eucléia,F
Eucádia,F
Eudine,F
Eudora,F
Eudócia,F
Eudóxia,F
Eufena,F
Eufrásia,F
Eufêmia,F
Eugene,F
Eugênia,F
Eulice,F
Eulina,F
Eulália,F
Eunice,F
Eurides,F
Euridice,F
Euríale,F
Eustáquia,F
Eusébia,F
Eutália,F
Eva,F
Evangelina,F
Evangeline,F
Evelin,F
Evelina,F
Eveline,F
Evelyn,F
Evita,F
Evódia,F
Ewa,F
Ezra,F
Eça,F
Eçabara,F
Eçai,F
Eçaiara,F
Eçajira,F
Eçara,F
Eçaraia,F
Eçauna,F
Fabiana,F
Fabiane,F
Fabienne,F
Fabrice,F
Fabrícia,F
Fabíola,F
Fani,F
Fanny,F
Farah,F
Farida,F
Farrah,F
Fauna,F
Fay,F
Feba,F
Febe,F
Fedra,F
Felicien,F
Felicienne,F
Felicity,F
Felina,F
Felisa,F
Fernanda,F
Ferônia,F
Filipa,F
Filomela,F
Filomena,F
Filotéia,F
Flamínia,F
Flavie,F
Floide,F
Flora,F
Florbela,F
Florence,F
Florentina,F
Flori,F
Floriana,F
Florinda,F
Floripes,F
Florisbela,F
Florália,F
Florência,F
Florípedes,F
Flávia,F
Flórida,F
Franceline,F
Frances,F
Francesca,F
Franciele,F
Francine,F
Francis,F
Francisca,F
Franziska,F
Françoise,F
Freda,F
Frederica,F
Freya,F
Frida,F
Frieda,F
Fréia,F
Fulgência,F
Fuyuki,F
Fábia,F
Fátima,F
Fátma,F
Fátua,F
Fúlvia,F
Gabala,F
Gabina,F
Gabriela,F
Gabriele,F
Gabrielle,F
Gaby,F
Gadelha,F
Gaia,F
Gail,F
Gaila,F
Gal,F
Galadriel,F
Galatéia,F
Galdina,F
Galdência,F
Gale,F
Galeba,F
Galen,F
Galena,F
Galéria,F
Gamélia,F
Garamântia,F
Gardênia,F
Gareth,F
Gavina,F
Gaye,F
Gayla,F
Geisila,F
Geisla,F
Gelásia,F
Gemma,F
Gena,F
Genara,F
Genciana,F
Gene,F
Genebra,F
Generosa,F
Genetílides,F
Genevieve,F
Genevra,F
Genoveva,F
Genésia,F
Georgete,F
Georgina,F
Geovana,F
Geovanna,F
Geralda,F
Germaine,F
Germana,F
Gersam,F
Gerthe,F
Gertrudes,F
Gertruida,F
Gerusa,F
Geruza,F
Gerânia,F
Geslinda,F
Getúlia,F
Geórgia,F
Ghislaine,F
Gia,F
Giane,F
Giani,F
Giannina,F
Gigi,F
Gilca,F
Gilcimar,F
Gilda,F
Gilmara,F
Gilvaneide,F
Gina,F
Gioconda,F
Giordana,F
Giovana,F
Giovanna,F
Girani,F
Gisa,F
Gisel,F
Gisela,F
Giselda,F
Gisele,F
Giselle,F
Gislaim,F
Gislaine,F
Gisleine,F
Gita,F
Giulia,F
Giuliana,F
Giuseppina,F
Giórgia,F
Gladis,F
Gladyr,F
Glauce,F
Glaucia,F
Glaucipe,F
Glaura,F
Gleide,F
Gleusa,F
Glice,F
Glicéria,F
Glória,F
Godiva,F
Godofreda,F
Goiana,F
Goreti,F
Grace,F
Gracia,F
Graciana,F
Graciela,F
Granada,F
Grania,F
Grata,F
Grazia,F
Graziela,F
Grazina,F
Graça,F
Greca,F
Greice,F
Greta,F
Grete,F
Griselda,F
Guacira,F
Guadalupe,F
Guapira,F
Guaracema,F
Guaraci,F
Guaraciaba,F
Guaraciara,F
Guaratinga,F
Guaraúna,F
Guaíra,F
Guida,F
Guilhermina,F
Guinete,F
Guiomar,F
Gwenda,F
Gwineth,F
Gálata,F
Gália,F
Gândara,F
Géia,F
Gênesis,F
H,F
Habel,F
Hadassa,F
Hagite,F
Haidee,F
Haidéia,F
Haidê,F
Haikela,F
Hala,F
Halias,F
Halikaka,F
Halina,F
Halola,F
Halona,F
Hamadríade,F
Hamed,F
Hana,F
Hani,F
Hannah,F
Hanâni,F
Harpina,F
Hava,F
Haydée,F
Hazael,F
Hebe,F
Hedda,F
Hedviges,F
Hegla,F
Heidi,F
Heike,F
Heiki,F
Hekele,F
Hekewika,F
Helbia,F
Hele,F
Helen,F
Helena,F
Helene,F
Heliodora,F
Hellen,F
Heloise,F
Heloísa,F
Helvina,F
Helvécia,F
Helância,F
Henedina,F
Henriqueta,F
Hera,F
Heracléia,F
Hercília,F
Hermione,F
Herondina,F
Hersília,F
Herta,F
Herádia,F
Hideaki,F
Hideki,F
Hilda,F
Hilde,F
Hilma,F
Hilária,F
Hipereides,F
Hipólita,F
Hirana,F
Holda,F
Holly,F
Honorata,F
Hortênsia,F
Horácia,F
Hosana,F
Hulda,F
Hypséa,F
Hálima,F
Hécuba,F
Hélcias,F
Hérica,F
Iabá,F
Iaceê,F
Iaci,F
Iacina,F
Iadah,F
Iana,F
Iandara,F
Iara,F
Iasmin,F
Ibarama,F
Ibarantâ,F
Ibaretama,F
Iberaba,F
Ibiacema,F
Ibiama,F
Ibiara,F
Ibitira,F
Ibiúna,F
Ibotira,F
Ibotirama,F
Ibsen,F
Ida,F
Idalina,F
Iderê,F
Idesta,F
Idália,F
Ieda,F
Iemanjá,F
Ierê,F
Ifigênia,F
Ifimedia,F
Igapira,F
Igara,F
Ignês,F
Iguana,F
Ihelane,F
Ikepela,F
Ilana,F
Ilca,F
Ileina,F
Ilka,F
Ilsa,F
Ilíone,F
Ilítia,F
Imaculada,F
Imelda,F
Imelde,F
Imira,F
Inaiê,F
Inaé,F
Indira,F
Inema,F
Ingrid,F
Ingride,F
Inocência,F
Inácia,F
Inã,F
Inês,F
Inêz,F
Ioana,F
Iodâmia,F
Iolanda,F
Ione,F
Ioná,F
Iori,F
Ipana,F
Ipoema,F
Ipuã,F
Ipê,F
Ira,F
Iracema,F
Iraci,F
Irani,F
Iratama,F
Irecê,F
Irene,F
Irenia,F
Irma,F
Isa,F
Isabel,F
Isabela,F
Isabele,F
Isadora,F
Isaura,F
Isidora,F
Isidore,F
Isis,F
Islena,F
Isméria,F
Ismênia,F
Isolda,F
Isolina,F
Isra,F
Issa,F
Itacira,F
Itanema,F
Itapema,F
Itaperuna,F
Itaúna,F
Ivana,F
Ivani,F
Ivanice,F
Ivete,F
Ivone,F
Ivy,F
Izabel,F
Izabele,F
Izilcara,F
Izolina,F
Izolita,F
Ióle,F
Iúna,F
Jaci,F
Jaciaba,F
Jaciara,F
Jaciema,F
Jacimar,F
Jacina,F
Jacinira,F
Jacinta,F
Jacira,F
Jacirema,F
Jack,F
Jaclyn,F
Jacobina,F
Jacqueline,F
Jada,F
Jade,F
Jaima,F
Jamie,F
Jamila,F
Jamile,F
Janaina,F
Janarí,F
Jandaia,F
Jandaíra,F
Jandira,F
Jane,F
Janel,F
Janelle,F
Janet,F
Janete,F
Janice,F
Janine,F
Japira,F
Jaqueline,F
Jarina,F
Jathara,F
Jayma,F
Jaçara,F
Jeane,F
Jeanette,F
Jeanine,F
Jeceara,F
Jekaterina,F
Jemima,F
Jemime,F
Jenifari,F
Jenifer,F
Jennifer,F
Jerema,F
Jerusa,F
Jerusha,F
Jesebel,F
Jessamina,F
Jessie,F
Jessy,F
Jesuína,F
Joana,F
Joannes,F
Jocasta,F
Joelma,F
Joice,F
Jolene,F
Jordana,F
Joseane,F
Josefa,F
Josefina,F
Joseline,F
Josenilda,F
Josenilde,F
Josephine,F
Josi,F
Josiana,F
Josie,F
Josélia,F
Jovita,F
Joyce,F
Joás,F
Juacira,F
Juanita,F
Juarana,F
Juatama,F
Jubaia,F
Judi,F
Judit,F
Judite,F
Judith,F
Judy,F
Juliana,F
Julianne,F
Julie,F
Julieta,F
Julliana,F
June,F
Jupiara,F
Jupira,F
Jurandira,F
Jurema,F
Juruna,F
Jussara,F
Justa,F
Justina,F
Justine,F
Jutta,F
Juvenca,F
Juvência,F
Juçana,F
Jéssica,F
Jênie,F
Júlia,F
Júnia,F
Kabza,F
Kadichari,F
Kaiki,F
Kaila,F
Kailani,F
Kailene,F
Kailina,F
Kakalina,F
Kaki,F
Kalamela,F
Kalena,F
Kali,F
Kalina,F
Kalola,F
Kalolaina,F
Kamealamalama,F
Kami,F
Kamila,F
Kammille,F
Kanakake,F
Kanake,F
Kanela,F
Kanike,F
Kaolin,F
Karen,F
Kari,F
Karim,F
Karin,F
Karina,F
Karine,F
Karla,F
Karly,F
Karol,F
Karolina,F
Karoline,F
Karolyn,F
Kasandra,F
Katarina,F
Kate,F
Katherine,F
Kathy,F
Katya,F
Kaylane,F
Keaka,F
Keakakona,F
Keike,F
Keiko,F
Keila,F
Keke,F
Keki,F
Kelama,F
Kelda,F
Keleka,F
Keli,F
Kelika,F
Kelly,F
Kely,F
Kemal,F
Kerensa,F
Kerina,F
Kerstin,F
Khadija,F
Kiara,F
Kiera,F
Kika,F
Kilakila,F
Kin,F
Kiopaa,F
Kira,F
Kodia,F
Konia,F
Kopi,F
Krishna,F
Krista,F
Kristal,F
Ksenia,F
Ksenya,F
Kuana,F
Kuanna,F
Kuarashí,F
Kuat,F
Kumari,F
Kurumí,F
Kuumomimakamae,F
Kyung-Soon,F
Kássia,F
Kátia,F
Kélia,F
Laa,F
Labda,F
Lacerda,F
Ladária,F
Lafaiete,F
Lafontaine,F
Laguna,F
Laila,F
Laimana,F
Laina,F
Lais,F
Lakina,F
Lakshmi,F
Lala,F
Lamartine,F
Lamenha,F
Lamona,F
Lana,F
Lanake,F
Lanassa,F
Lane,F
Lanete,F
Lani,F
Lara,F
Larisa,F
Larissa,F
Latasha,F
Latonia,F
Latóya,F
Lauda,F
Laudália,F
Laula,F
Laulena,F
Laura,F
Laureana,F
Laureen,F
Lauretta,F
Laurinda,F
Laverna,F
Laverne,F
Lavone,F
Lavínea,F
Lavínia,F
Layla,F
Laísa,F
Lea,F
Leah,F
Leandra,F
Lecanora,F
Leda,F
Leikela,F
Leila,F
Leilane,F
Lekana,F
Lekinala,F
Lelanta,F
Lelitia,F
Lemuela,F
Lena,F
Lenita,F
Lenora,F
Leomira,F
Leonor,F
Leoní,F
Lepeka,F
Letice,F
Letícia,F
Leucósia,F
Levinda,F
Leônia,F
Leônidas,F
Li,F
Lia,F
Liberata,F
Libânia,F
Lidiane,F
Lidya,F
Lika,F
Liki,F
Lila,F
Liliam,F
Lilian,F
Liliana,F
Liliane,F
Lilite,F
Lilith,F
Lilsa,F
Lily,F
Lincoln,F
Linda,F
Lindalva,F
Lindoia,F
Line,F
Linei,F
Linfa,F
Linh,F
Lis,F
Lisete,F
Lissa,F
Lissandra,F
Liuba,F
Liz,F
Lokelani,F
Lokele,F
Lolita,F
Lopeka,F
Lora,F
Lorena,F
Lorenza,F
Loreta,F
Lorinda,F
Lorna,F
Lorraine,F
Lotis,F
Louise,F
Lourdes,F
Lua,F
Luana,F
Luce,F
Lucena,F
Luci,F
Luciana,F
Lucidora,F
Lucien,F
Luciene,F
Lucila,F
Lucimar,F
Lucina,F
Lucineide,F
Lucrécia,F
Lucélia,F
Lucíola,F
Ludmila,F
Ludovica,F
Luise,F
Luiza,F
Luiziane,F
Luma,F
Lumiana,F
Luna,F
Lupicínia,F
Lurdes,F
Luzia,F
Luísa,F
Luíza,F
Lydia,F
Lyuba,F
Lâmia,F
Lâseja,F
Léa,F
Léia,F
Lélia,F
Líbia,F
Lídia,F
Lígia,F
Lívia,F
Lúcia,F
Maala,F
Mabelle,F
Macieira,F
Macrina,F
Macária,F
Madalena,F
Maddalena,F
Madel,F
Madelberta,F
Madeleine,F
Madelina,F
Madeline,F
Madressilva,F
Maes,F
Mafalda,F
Magali,F
Magda,F
Magdalena,F
Magide,F
Magna,F
Magnólia,F
Mahaoo,F
Mahina,F
Maiara,F
Maida,F
Maike,F
Mainara,F
Maire,F
Maisa,F
Maitê,F
Makelina,F
Maleah,F
Malie,F
Malika,F
Malina,F
Malka,F
Mallory,F
Malori,F
Maluhia,F
Malva,F
Malvina,F
Manacá,F
Manai,F
Manaolana,F
Mandi,F
Mandy,F
Manhaná,F
Manjusha,F
Manoela,F
Mansueto,F
Manuela,F
Manuella,F
Mara,F
Marana,F
Maraneíma,F
Maraíra,F
Marcela,F
Marcolina,F
Margarete,F
Margareth,F
Margarida,F
Margarit,F
Margot,F
Margô,F
Mari,F
Maria,F
Mariah,F
Mariam,F
Mariana,F
Maricy,F
Maricí,F
Maricília,F
Marie,F
Mariel,F
Marielsa,F
Marietta,F
Marija,F
Marilda,F
Marilena,F
Marilene,F
Marilse,F
Marilú,F
Marina,F
Maris,F
Marisa,F
Marise,F
Maristela,F
Mariucha,F
Marjani,F
Marjorie,F
Marjory,F
Marla,F
Marlena,F
Marlene,F
Marli,F
Marlise,F
Marta,F
Martha,F
Marva,F
Marvel,F
Mary,F
Marília,F
Maríndia,F
Matilda,F
Matilde,F
Matutina,F
Mauad,F
Maura,F
Maurícia,F
Maximiliana,F
Maximilienne,F
Mayara,F
Maíra,F
Medéia,F
Meire,F
Mel,F
Melanie,F
Melca,F
Melina,F
Melinda,F
Melissa,F
Melpone,F
Melvina,F
Melânia,F
Mena,F
Menelaia,F
Mera,F
Mercedes,F
Messina,F
Metanira,F
Mi-Cha,F
Mia,F
Micaela,F
Micarla,F
Michela,F
Michele,F
Michelle,F
Micol,F
Milena,F
Mina,F
Minna,F
Mira,F
Mirabel,F
Mirabele,F
Miracema,F
Miraglia,F
Miranda,F
Mirela,F
Mirelle,F
Miriam,F
Mirian,F
Mirina,F
Mirna,F
Mirta,F
Mirza,F
Moama,F
Modesta,F
Moema,F
Mona,F
Monalisa,F
Moneta,F
Monique,F
Morgana,F
Munira,F
Murana,F
Murta,F
Musa,F
Musidora,F
Myra,F
Myrcia,F
Myrella,F
Mácris,F
Márcia,F
Márica,F
Máxima,F
Mégara,F
Mélia,F
Mência,F
Míria,F
Mória,F
Mônica,F
Múcia,F
Múrcia,F
Nadezhda,F
Nadi,F
Nadir,F
Nady,F
Naiara,F
Naida,F
Nair,F
Naira,F
Naja,F
Najla,F
Nakana,F
Nakine,F
Nanci,F
Nancy,F
Naneki,F
Nanette,F
Nanine,F
Naná,F
Nanã,F
Naomi,F
Napéia,F
Nara,F
Naréa,F
Nassima,F
Natacha,F
Natalie,F
Natasha,F
Nathalia,F
Natália,F
Nayany,F
Nayara,F
Nazariela,F
Nazira,F
Nazária,F
Nazário,F
Naíma,F
Neda,F
Neica,F
Neida,F
Neide,F
Neila,F
Neiva,F
Nelita,F
Nelly,F
Neméia,F
Neputira,F
Nereza,F
Neriah,F
Nerina,F
Nerine,F
Neriá,F
Neusa,F
Neyany,F
Neófita,F
Niara,F
Nice,F
Nicias,F
Nicole,F
Nicéia,F
Nila,F
Nilce,F
Nilda,F
Nildete,F
Nilma,F
Nilme,F
Nilza,F
Nina,F
Nirvana,F
Nise,F
Nita,F
Noa,F
Noemi,F
Noemia,F
Nola,F
Noleka,F
Nolemana,F
Nolina,F
Nona,F
Nora,F
Norina,F
Norma,F
Noéa,F
Noélia,F
Nuna,F
Nádia,F
Náiade,F
Nássera,F
Néia,F
Néria,F
Nênia,F
Nícia,F
Nívea,F
Nívia,F
Nórcia,F
Núbia,F
Núncia,F
Ocirema,F
Ocrísia,F
Octávia,F
Odemara,F
Odemira,F
Odessa,F
Odete,F
Odila,F
Odélia,F
Odória,F
Ofélia,F
Oldaíra,F
Olga,F
Olinda,F
Olímpia,F
Olívia,F
Oneida,F
Oneide,F
Onélia,F
Opelia,F
Oriana,F
Oricema,F
Orquídea,F
Ortígia,F
Oscarina,F
Osnia,F
Otacília,F
Otinga,F
Otávia,F
Otília,F
Owena,F
Oxana,F
Paige,F
Pakelekia,F
Paki,F
Palakika,F
Palakine,F
Palani,F
Palapala,F
Palapi,F
Pallas,F
Palma,F
Palmira,F
Paloma,F
Pamela,F
Pamplona,F
Panda,F
Pandora,F
Pane,F
Paneki,F
Pantéia,F
Paola,F
Patience,F
Patrícia,F
Paula,F
Paulete,F
Paulina,F
Pauline,F
Pavuna,F
Peakalika,F
Pearl,F
Pecúnia,F
Peddy,F
Pedrina,F
Peggy,F
Pei,F
Peike,F
Pelena,F
Pelike,F
Penélope,F
Pepita,F
Perdida,F
Perdita,F
Perla,F
Perpétua,F
Perséia,F
Petra,F
Petrônia,F
Peônia,F
Piera,F
Pierina,F
Pietra,F
Pilar,F
Pina,F
Placídia,F
Plácida,F
Pocema,F
Poguira,F
Poliana,F
Policasta,F
Policena,F
Polikia,F
Polixene,F
Pololena,F
Pololika,F
Polímela,F
Polínea,F
Pomona,F
Pompéia,F
Poppy,F
Poranga,F
Porchat,F
Porcina,F
Potira,F
Preciosa,F
Priscila,F
Pércia,F
Pérola,F
Quandt,F
Quaraciama,F
Queiroga,F
Queli,F
Quelidônia,F
Querubim,F
Quimera,F
Quinci,F
Quintela,F
Quintéria,F
Quirina,F
Quiroga,F
Quiron,F
Quirá,F
Quitéria,F
Quíone,F
Rachel,F
Rachelle,F
Radmila,F
Rafaela,F
Rahyssa,F
Raimunda,F
Raissa,F
Ramona,F
Ranilda,F
Ranya,F
Raquel,F
Raria,F
Raruama,F
Raschele,F
Rashne,F
Rayane,F
Raíra,F
Raísa,F
Rebeca,F
Rebekah,F
Redenta,F
Regina,F
Renata,F
Renita,F
Rhode,F
Ricarda,F
Rina,F
Risa,F
Rita,F
Rivadávia,F
Roama,F
Roaslie,F
Roberta,F
Rocema,F
Rochelle,F
Rogata,F
Rogéria,F
Rolanda,F
Romana,F
Romilda,F
Roquira,F
Roriza,F
Rosa,F
Rosalba,F
Rosalie,F
Rosamaria,F
Rosana,F
Rosaura,F
Rose,F
Roseane,F
Roseli,F
Roselinde,F
Rosely,F
Rosemarie,F
Rosemary,F
Rosemeire,F
Rosete,F
Rosilene,F
Rosimeri,F
Rosina,F
Rosinha,F
Rosita,F
Rosivalda,F
Rosália,F
Rosária,F
Rosângela,F
Rowena,F
Rozala,F
Rozália,F
Ruana,F
Rubi,F
Rudi,F
Rurina,F
Rute,F
Ruth,F
Régia,F
Rúbia,F
Sabrina,F
Safira,F
Samanta,F
Samantha,F
Samara,F
Samira,F
Sandra,F
Sara,F
Sarah,F
Sebastiana,F
Selma,F
Semira,F
Semíramis,F
Serafina,F
Seraome,F
Sheila,F
Shira,F
Shirlei,F
Shirley,F
Sibil,F
Sibila,F
Sibyl,F
Sicupira,F
Sidéria,F
Sigfrid,F
Sigmara,F
Sigrid,F
Sila,F
Silena,F
Silvana,F
Simone,F
Simplícia,F
Singrid,F
Sinésia,F
Siomara,F
Sirena,F
Sirene,F
Sita,F
Siv,F
Socorro,F
Sofia,F
Solange,F
Somína,F
Sonal,F
Sonja,F
Sonya,F
Sophia,F
Sophie,F
Soraia,F
Soraya,F
Stela,F
Stephanie,F
Sucena,F
Sucupira,F
Suelen,F
Sueli,F
Suellen,F
Suely,F
Sulamita,F
Suriel,F
Susana,F
Susanae,F
Susanne,F
Susete,F
Susie,F
Suzana,F
Suzie,F
Suzy,F
Sílvia,F
Sílvya,F
Sônia,F
Tabacema,F
Tabira,F
Tabita,F
Tabitha,F
Taci,F
Taciatã,F
Tacicema,F
Taciquara,F
Tacira,F
Tadéia,F
Taiane,F
Tainara,F
Tainaçã,F
Tainá,F
Talassa,F
Talita,F
Taléia,F
Tamires,F
Tamiris,F
Tammy,F
Tarsila,F
Tatiana,F
Tayla,F
Taía,F
Taígete,F
Taís,F
Teanira,F
Telma,F
Teodolinda,F
Teodora,F
Teolinda,F
Teresa,F
Tereza,F
Terezinha,F
Tersa,F
Teçarema,F
Thainá,F
Thais,F
Thalassa,F
Thalia,F
Thamires,F
Thamiris,F
Thara,F
Thatiana,F
Thaís,F
Ticiana,F
Tilexine,F
Timandra,F
Tirsa,F
Tolinda,F
Tolosa,F
Tomásia,F
Turmalina,F
Tábata,F
Tália,F
Tâmara,F
Tânia,F
Téia,F
Tércia,F
Tônia,F
Túlia,F
Uaiana,F
Uaná,F
Uauiarará,F
Ubana,F
Ubiracema,F
Ubiraci,F
Uda,F
Uiara,F
Umarama,F
Unígena,F
Urbi,F
Uriel,F
Vacuna,F
Valda,F
Valentina,F
Valesca,F
Valia,F
Valquíria,F
Valéria,F
Valência,F
Valônia,F
Vanda,F
Vanessa,F
Vanusa,F
Vasti,F
Vaughan,F
Velma,F
Veneranda,F
Venília,F
Vera,F
Verena,F
Vergínia,F
Veridiana,F
Verônica,F
Viana,F
Victória,F
Vidya,F
Vilma,F
Vinciana,F
Vinola,F
Violeta,F
Virgília,F
Virgínia,F
Viridiana,F
Virna,F
Vismara,F
Vita,F
Vitalina,F
Vitória,F
Vivian,F
Viviana,F
Viviane,F
Vivá,F
Vyviane,F
Vânia,F
Vítula,F
Wade,F
Waioleka,F
Walda,F
Walelia,F
Walesca,F
Wana,F
Wanda,F
Warda,F
Welama,F
Wenceslas,F
Whitney,F
Wiki,F
Wikolia,F
Wilda,F
Wilhelmina,F
Wilikilia,F
Wilma,F
Wilmara,F
Wilá,F
Winifreda,F
Wismara,F
Wladis,F
Wânia,F
Xavantina,F
Xaviera,F
Xena,F
Xenika,F
Xerazade,F
Ximena,F
Xuan,F
Xuxa,F
Xênia,F
Yanni,F
Yannis,F
Yara,F
Yarin,F
Yarmilla,F
Yasmin,F
Yasu,F
Yeda,F
Yelena,F
Yeva,F
Ynes,F
Yoko,F
Yolanda,F
Yone,F
Yoná,F
Yula,F
Yvone,F
Yvonne,F
Zada,F
Zafira,F
Zahara,F
Zahirah,F
Zahra,F
Zaida,F
Zaide,F
Zaila,F
Zaina,F
Zakia,F
Zalika,F
Zamira,F
Zandone,F
Zandra,F
Zara,F
Zarah,F
Zarifa,F
Zarina,F
Zaynab,F
Zaíra,F
Zea,F
Zebulon,F
Zehava,F
Zeinab,F
Zelda,F
Zelenka,F
Zelfa,F
Zelina,F
Zelinda,F
Zelmira,F
Zemina,F
Zena,F
Zenaide,F
Zene,F
Zenilda,F
Zenóbia,F
Zerlinda,F
Zilda,F
Zilema,F
Zilena,F
Zilá,F
Zinara,F
Zora,F
Zorah,F
Zoraide,F
Zorana,F
Zoé,F
Zuleica,F
Zulma,F
Zulmira,F
Zânia,F
Zélia,F
Zênia,F
Zóilo,F
Zózima,F
Ádila,F
Ágata,F
Ágda,F
Águeda,F
Ápia,F
Áquila,F
Ártemis,F
Ástora,F
Átala,F
Ângela,F
Ânima,F
Édnie,F
Élida,F
Érica,F
Érika,F
Éryca,F
Ésia,F
Íria,F
Íris,F
Úlima,F
Úrsula,F