Marco,222
Marcos,1744
Marcus,76
Mario,154
Marion,45
Marlon,171
Marly,245
Mateus,3025
Matheus,1609
Matias,44
Mauro,61
Maurício,195
Max,72
Maya,456
Messias,67
Micael,278
Michael,181
Michel,212
Miguel,825
Milton,22
Miquéias,93
Mirtis,60
Misael,47
Mizael,32
Moara,281
Moisés,189
Muriel,219
Murilo,441
Márcio,211
Mérlin,47
Naamã,166
Naara,788
Natan,517
Natanael,374
Nataniel,36
Nathan,183
Natã,122
Nazaré,511
Neli,221
Nelson,34
Nicholas,43
Nichole,113
Nicol,52
Nicola,112
Nikolas,21
Nilson,30
Nilton,34
Ninive,155
Noah,45
Nícolas,1298
Nídia,110
Odara,114
Oliveira,68
Ondina,21
Orlando,22
Osmar,29
Oséias,23
Otávio,346
Pablo,553
Palona,104
Patrick,176
Patrício,31
Paulo,1370
Pedro,3663
Penha,38
Piedade,43
Pietro,230
Quezia,2158
Quércia,58
Rafael,2353
Raguel,138
Raiane,50327
Raimundo,111
Ramon,127
Ranieri,161
Raphael,57
Raul,91
Reginaldo,54
Reinaldo,52
Renan,620
Renato,298
René,63
Rian,864
Ricardo,378
Richard,238
Robert,138
Roberto,200
Robson,187
Rodolfo,30
Rodrigo,631
Roger,87
Rogério,94
Romário,33
Ronald,95
Ronaldo,101
Rosário,52
Rovena,25
Roxane,53
Ruan,777
Rubens,44
Ryan,374
Rômulo,62
Sadi,20
Salomão,24
Salomé,86
Samir,63
Samuel,1363
Sandro,106
Santos,112
Saulo,86
Sebastião,53
Severino,20
Sidney,40
Silas,84
Silva,552
Sérgio,178
Sídnei,42
Sílvio,52
Síntique,43
Tadeu,26
Tales,169
Tamar,66
Tarcísio,27
Thiago,738
Thierry,21
Thomas,46
Tiago,1016
Tomás,51
Túlio,45
Ulísses,21
Urânia,31
Vagner,84
Valdir,32
Valeriana,31
Valerie,29
Valmir,26
Valter,48
Vanderlei,35
Vicente,39
Victor,1214
Vinício,78
Vinícios,548
Vinícius,1276
Vitório,159
Vítor,2283
Wagner,70
Wallace,60
